Chain 1,Residue 1,Chain 2,Residue 2,CA distance,Threshold,Sat-Viol
3,285,3,158,15.3,27.0,S
4,711,4,834,15.6,27.0,S
D,33,D,2,0.0,27.0,S
D,33,D,43,0.0,27.0,S
7,743,7,750,10.6,27.0,S
6,134,8,440,47.1,27.0,V
A,49,A,42,0.0,27.0,S
3,319,3,313,0.0,27.0,S
9,333,9,323,12.4,27.0,S
6,564,2,558,10.6,27.0,S
B,226,B,223,0.0,27.0,S
D,33,D,43,0.0,27.0,S
6,306,6,183,15.5,27.0,S
4,711,4,834,15.6,27.0,S
7,743,7,750,10.6,27.0,S
7,59,7,69,15.6,27.0,S
B,110,B,126,0.0,27.0,S
9,333,9,323,12.4,27.0,S
4,458,4,394,17.6,27.0,S
8,440,8,450,0.0,27.0,S
6,102,6,183,0.0,27.0,S
D,34,D,2,0.0,27.0,S
9,349,9,392,17.4,27.0,S
D,2,D,33,0.0,27.0,S
4,834,4,854,19.8,27.0,S
8,387,8,440,27.4,27.0,V
6,134,8,446,30.8,27.0,V
3,82,3,158,0.0,27.0,S
B,73,B,67,0.0,27.0,S
4,834,4,844,11.0,27.0,S
3,240,3,205,9.0,27.0,S
7,743,7,750,10.6,27.0,S
9,409,F,50,0.0,27.0,S
4,711,4,834,15.6,27.0,S
B,83,B,94,0.0,27.0,S
9,94,C,9,0.0,27.0,S
4,394,4,458,17.6,27.0,S
3,82,7,475,0.0,27.0,S
5,249,5,99,20.5,27.0,S
9,139,9,94,0.0,27.0,S
9,446,A,902,24.1,27.0,S
3,693,3,695,7.0,27.0,S
9,29,9,139,0.0,27.0,S
B,44,B,58,0.0,27.0,S
D,193,A,411,0.0,27.0,S
A,49,A,42,0.0,27.0,S
8,392,8,387,10.7,27.0,S
9,349,9,376,0.0,27.0,S
B,83,B,73,0.0,27.0,S
3,692,3,694,6.2,27.0,S
E,84,D,2,0.0,27.0,S
4,711,4,834,15.6,27.0,S
9,139,9,59,0.0,27.0,S
9,442,A,902,19.5,27.0,S
3,158,3,285,15.3,27.0,S
4,854,A,902,10.2,27.0,S
D,41,D,2,0.0,27.0,S
4,834,4,854,19.8,27.0,S
5,757,5,719,0.0,27.0,S
9,94,9,139,0.0,27.0,S
3,681,3,723,12.9,27.0,S
8,387,8,440,27.4,27.0,V
7,735,7,749,18.5,27.0,S
F,251,F,260,0.0,27.0,S
3,189,3,187,5.1,27.0,S
4,874,4,915,15.4,27.0,S
6,110,6,101,0.0,27.0,S
B,97,B,110,0.0,27.0,S
6,134,8,450,0.0,27.0,S
D,2,B,44,0.0,27.0,S
7,743,7,750,10.6,27.0,S
A,49,A,42,0.0,27.0,S
7,750,7,767,13.1,27.0,S
4,844,4,860,24.5,27.0,S
A,719,A,727,0.0,27.0,S
2,785,F,260,0.0,27.0,S
4,711,4,834,15.6,27.0,S
9,446,7,678,19.6,27.0,S
B,83,B,58,0.0,27.0,S
A,633,A,641,11.7,27.0,S
B,226,F,301,0.0,27.0,S
B,93,B,97,0.0,27.0,S
B,110,B,126,0.0,27.0,S
9,349,9,59,11.5,27.0,S
A,425,A,428,0.0,27.0,S
4,458,4,394,17.6,27.0,S
4,844,4,860,24.5,27.0,S
3,634,3,639,0.0,27.0,S
D,33,D,2,0.0,27.0,S
6,428,4,141,0.0,27.0,S
8,292,F,251,0.0,27.0,S
9,333,9,396,14.3,27.0,S
8,392,8,387,10.7,27.0,S
7,223,7,475,23.5,27.0,S
8,466,8,450,0.0,27.0,S
7,231,7,218,17.0,27.0,S
4,854,A,902,10.2,27.0,S
B,226,F,279,0.0,27.0,S
6,963,D,2,0.0,27.0,S
4,854,4,860,11.6,27.0,S
A,672,A,668,0.0,27.0,S
B,202,B,191,0.0,27.0,S
A,425,A,428,0.0,27.0,S
B,26,B,44,0.0,27.0,S
3,158,3,79,0.0,27.0,S
8,429,8,440,0.0,27.0,S
9,94,9,125,10.6,27.0,S
5,750,5,621,0.0,27.0,S
E,286,D,2,0.0,27.0,S
6,110,4,96,0.0,27.0,S
9,94,C,9,0.0,27.0,S
4,583,7,449,12.2,27.0,S
5,431,5,377,14.7,27.0,S
C,119,C,233,18.1,27.0,S
5,431,5,427,6.4,27.0,S
C,149,C,134,16.0,27.0,S
4,834,4,844,11.0,27.0,S
9,139,9,139,0.0,27.0,S
3,158,3,333,20.7,27.0,S
B,73,B,97,0.0,27.0,S
D,2,D,18,0.0,27.0,S
7,218,7,231,17.0,27.0,S
2,530,5,431,26.8,27.0,S
E,84,D,33,0.0,27.0,S
9,392,9,376,0.0,27.0,S
9,509,7,678,27.1,27.0,V
D,2,B,26,0.0,27.0,S
B,209,B,178,0.0,27.0,S
3,624,3,639,0.0,27.0,S
D,2,C,98,0.0,27.0,S
9,409,F,50,0.0,27.0,S
E,439,C,134,10.3,27.0,S
F,89,F,92,0.0,27.0,S
9,139,9,509,0.0,27.0,S
6,767,8,466,10.3,27.0,S
A,695,A,902,31.1,27.0,V
9,442,9,426,13.1,27.0,S
D,34,D,43,0.0,27.0,S
4,915,4,860,14.1,27.0,S
D,193,A,428,0.0,27.0,S
E,431,C,134,15.5,27.0,S
F,275,F,279,0.0,27.0,S
9,446,7,678,19.6,27.0,S
9,94,9,10,0.0,27.0,S
6,762,6,564,16.3,27.0,S
A,441,A,641,10.9,27.0,S
7,767,7,750,13.1,27.0,S
D,43,D,2,0.0,27.0,S
8,292,F,247,0.0,27.0,S
7,735,7,750,20.8,27.0,S
6,183,6,102,0.0,27.0,S
8,292,F,247,0.0,27.0,S
B,226,F,279,0.0,27.0,S
7,742,7,746,6.3,27.0,S
D,33,D,41,0.0,27.0,S
9,333,9,509,41.1,27.0,V
F,92,F,89,0.0,27.0,S
B,110,B,135,0.0,27.0,S
3,723,3,784,34.4,27.0,V
9,409,9,396,16.3,27.0,S
E,48,D,2,0.0,27.0,S
7,743,7,750,10.6,27.0,S
D,45,D,41,0.0,27.0,S
F,247,F,260,0.0,27.0,S
6,428,6,416,0.0,27.0,S
4,834,4,860,25.2,27.0,S
9,509,9,396,26.9,27.0,S
3,178,5,57,14.7,27.0,S
9,509,7,735,8.9,27.0,S
D,2,F,149,0.0,27.0,S
6,428,4,458,0.0,27.0,S
D,33,D,41,0.0,27.0,S
D,43,D,2,0.0,27.0,S
6,183,6,101,0.0,27.0,S
9,112,9,115,8.7,27.0,S
D,369,D,2,0.0,27.0,S
D,2,B,26,0.0,27.0,S
3,82,3,333,0.0,27.0,S
8,450,8,440,0.0,27.0,S
9,139,9,132,0.0,27.0,S
9,29,9,32,0.0,27.0,S
9,333,9,446,48.3,27.0,V
4,834,4,711,15.6,27.0,S
4,715,4,860,31.5,27.0,V
2,633,2,582,10.3,27.0,S
6,586,6,601,16.5,27.0,S
E,84,E,48,18.2,27.0,S
9,139,D,2,0.0,27.0,S
4,860,A,902,21.1,27.0,S
3,692,3,694,6.2,27.0,S
4,141,4,96,0.0,27.0,S
5,757,5,719,0.0,27.0,S
8,446,8,387,24.0,27.0,S
3,82,7,223,0.0,27.0,S
7,743,7,750,10.6,27.0,S
9,94,9,101,4.8,27.0,S
B,26,B,44,0.0,27.0,S
7,69,7,59,15.6,27.0,S
6,428,5,304,0.0,27.0,S
9,94,9,59,46.7,27.0,V
3,624,3,658,0.0,27.0,S
8,441,8,439,6.6,27.0,S
7,750,7,743,10.6,27.0,S
B,546,3,694,0.0,27.0,S
9,509,9,376,0.0,27.0,S
8,446,8,451,0.0,27.0,S
7,767,7,750,13.1,27.0,S
B,546,3,694,0.0,27.0,S
D,193,A,411,0.0,27.0,S
9,139,9,125,0.0,27.0,S
4,711,4,854,24.4,27.0,S
6,586,4,554,10.7,27.0,S
7,735,7,750,20.8,27.0,S
C,98,C,119,24.1,27.0,S
6,416,4,458,14.8,27.0,S
F,137,F,126,0.0,27.0,S
3,727,3,784,34.2,27.0,V
D,2,B,19,0.0,27.0,S
8,466,8,440,58.0,27.0,V
4,583,7,449,12.2,27.0,S
9,509,9,59,48.3,27.0,V
9,46,9,376,0.0,27.0,S
6,183,6,110,12.4,27.0,S
D,2,B,58,0.0,27.0,S
B,110,B,97,0.0,27.0,S
D,2,B,110,0.0,27.0,S
C,435,C,438,5.5,27.0,S
B,238,B,226,0.0,27.0,S
E,369,D,417,0.0,27.0,S
3,727,3,639,0.0,27.0,S
6,428,4,454,0.0,27.0,S
D,33,D,369,0.0,27.0,S
9,59,9,376,0.0,27.0,S
2,530,5,427,20.8,27.0,S
B,191,B,209,0.0,27.0,S
9,446,7,735,12.4,27.0,S
9,446,A,695,25.9,27.0,S
6,134,8,446,30.8,27.0,V
F,251,F,206,0.0,27.0,S
E,286,D,2,0.0,27.0,S
F,149,F,206,0.0,27.0,S
F,152,F,149,0.0,27.0,S
7,135,7,129,16.7,27.0,S
4,636,4,594,6.8,27.0,S
9,139,A,380,0.0,27.0,S
9,442,7,678,18.9,27.0,S
4,711,7,672,11.0,27.0,S
9,139,9,392,0.0,27.0,S
A,380,A,371,0.0,27.0,S
B,191,B,178,0.0,27.0,S
A,197,A,49,0.0,27.0,S
9,94,9,125,10.6,27.0,S
9,200,9,139,0.0,27.0,S
9,29,9,333,0.0,27.0,S
D,2,B,258,0.0,27.0,S
4,711,7,672,11.0,27.0,S
9,29,9,139,0.0,27.0,S
7,750,7,767,13.1,27.0,S
B,611,B,500,0.0,27.0,S
9,376,9,446,0.0,27.0,S
7,218,7,231,17.0,27.0,S
9,214,C,9,0.0,27.0,S
6,204,8,387,0.0,27.0,S
9,94,9,59,46.7,27.0,V
7,129,7,69,8.6,27.0,S
B,19,B,44,0.0,27.0,S
6,306,6,183,15.5,27.0,S
9,200,9,139,0.0,27.0,S
7,130,7,69,9.9,27.0,S
9,139,9,2,0.0,27.0,S
B,434,C,134,13.1,27.0,S
8,467,8,450,0.0,27.0,S
9,115,9,112,8.7,27.0,S
B,191,B,202,0.0,27.0,S
9,215,9,139,0.0,27.0,S
9,214,C,9,0.0,27.0,S
4,594,7,678,34.4,27.0,V
D,2,A,409,0.0,27.0,S
B,126,B,131,0.0,27.0,S
B,107,B,103,0.0,27.0,S
A,49,A,197,0.0,27.0,S
B,225,B,228,0.0,27.0,S
9,375,9,139,0.0,27.0,S
A,436,A,641,12.0,27.0,S
3,693,3,695,7.0,27.0,S
9,10,A,695,0.0,27.0,S
9,125,9,94,10.6,27.0,S
4,915,4,854,23.0,27.0,S
4,854,A,902,10.2,27.0,S
B,93,B,103,0.0,27.0,S
F,275,F,279,0.0,27.0,S
8,387,8,397,15.3,27.0,S
3,694,7,571,12.9,27.0,S
C,352,C,48,0.0,27.0,S
6,510,6,521,16.0,27.0,S
8,387,8,440,27.4,27.0,V
9,94,C,9,0.0,27.0,S
7,59,7,69,15.6,27.0,S
B,83,B,44,0.0,27.0,S
E,439,C,134,10.3,27.0,S
A,212,A,209,0.0,27.0,S
2,860,2,418,49.9,27.0,V
9,139,F,149,0.0,27.0,S
9,32,9,139,0.0,27.0,S
B,135,B,126,0.0,27.0,S
7,750,7,767,13.1,27.0,S
6,767,8,467,13.3,27.0,S
9,29,9,32,0.0,27.0,S
2,751,2,766,20.1,27.0,S
4,711,7,672,11.0,27.0,S
3,784,7,678,44.8,27.0,V
6,110,4,140,0.0,27.0,S
7,59,7,69,15.6,27.0,S
4,834,4,711,15.6,27.0,S
6,762,6,756,12.9,27.0,S
6,110,4,96,0.0,27.0,S
9,509,9,446,11.8,27.0,S
7,549,7,555,7.7,27.0,S
3,694,7,678,27.3,27.0,V
9,29,D,2,0.0,27.0,S
7,205,7,69,19.4,27.0,S
9,442,A,902,19.5,27.0,S
9,392,9,409,18.9,27.0,S
9,94,9,139,0.0,27.0,S
6,428,2,379,0.0,27.0,S
F,137,F,206,0.0,27.0,S
3,784,5,631,61.2,27.0,V
3,723,3,784,34.4,27.0,V
9,442,A,902,19.5,27.0,S
D,163,A,409,0.0,27.0,S
8,467,8,450,0.0,27.0,S
D,43,D,18,0.0,27.0,S
D,2,C,119,0.0,27.0,S
9,139,B,44,0.0,27.0,S
8,446,8,466,45.2,27.0,V
9,333,9,59,20.4,27.0,S
A,36,A,198,0.0,27.0,S
E,447,B,500,0.0,27.0,S
2,279,C,9,0.0,27.0,S
9,139,9,446,0.0,27.0,S
2,582,5,442,21.2,27.0,S
6,204,8,387,0.0,27.0,S
8,292,8,450,0.0,27.0,S
2,582,2,633,10.3,27.0,S
6,306,6,183,15.5,27.0,S
5,442,5,427,17.4,27.0,S
6,428,2,582,0.0,27.0,S
F,207,F,204,0.0,27.0,S
2,633,2,582,10.3,27.0,S
8,292,F,247,0.0,27.0,S
D,193,A,411,0.0,27.0,S
A,436,A,641,12.0,27.0,S
F,149,F,201,0.0,27.0,S
B,44,B,19,0.0,27.0,S
D,33,D,18,0.0,27.0,S
D,124,D,2,0.0,27.0,S
E,369,D,402,0.0,27.0,S
4,915,4,854,23.0,27.0,S
4,141,4,119,0.0,27.0,S
2,785,F,260,0.0,27.0,S
B,178,C,435,0.0,27.0,S
4,583,7,449,12.2,27.0,S
6,901,6,963,8.7,27.0,S
B,226,5,750,0.0,27.0,S
D,33,D,369,0.0,27.0,S
6,428,7,306,0.0,27.0,S
6,134,8,440,47.1,27.0,V
D,2,A,411,0.0,27.0,S
2,785,F,260,0.0,27.0,S
3,727,3,681,11.5,27.0,S
7,130,7,69,9.9,27.0,S
3,764,5,631,0.0,27.0,S
6,183,6,253,0.0,27.0,S
2,633,2,582,10.3,27.0,S
7,387,7,475,0.0,27.0,S
4,458,7,252,7.4,27.0,S
8,387,8,440,27.4,27.0,V
D,33,D,369,0.0,27.0,S
A,156,A,162,0.0,27.0,S
7,223,7,637,20.0,27.0,S
C,323,7,617,104.2,27.0,V
9,94,C,9,0.0,27.0,S
3,379,3,624,0.0,27.0,S
A,695,A,708,13.7,27.0,S
6,767,8,467,13.3,27.0,S
7,59,7,69,15.6,27.0,S
9,32,9,139,0.0,27.0,S
B,258,C,603,0.0,27.0,S
9,349,9,139,0.0,27.0,S
9,59,9,392,21.2,27.0,S
F,204,F,207,0.0,27.0,S
2,582,5,304,22.3,27.0,S
A,183,A,180,0.0,27.0,S
A,197,A,49,0.0,27.0,S
A,36,A,49,0.0,27.0,S
3,694,7,678,27.3,27.0,V
9,506,9,405,17.2,27.0,S
7,735,7,731,13.4,27.0,S
B,500,C,603,0.0,27.0,S
9,139,A,42,0.0,27.0,S
8,446,8,440,18.0,27.0,S
D,2,A,42,0.0,27.0,S
9,509,7,678,27.1,27.0,V
D,33,D,2,0.0,27.0,S
9,392,3,967,0.0,27.0,S
D,2,D,369,0.0,27.0,S
B,511,B,614,11.0,27.0,S
4,454,4,458,10.2,27.0,S
D,2,D,420,0.0,27.0,S
E,369,D,417,0.0,27.0,S
6,249,6,101,0.0,27.0,S
9,29,9,139,0.0,27.0,S
B,42,B,44,0.0,27.0,S
D,2,4,915,0.0,27.0,S
B,51,B,44,0.0,27.0,S
2,530,5,431,26.8,27.0,S
3,727,3,681,11.5,27.0,S
D,43,D,2,0.0,27.0,S
B,209,B,191,0.0,27.0,S
D,193,A,436,0.0,27.0,S
4,854,A,902,10.2,27.0,S
B,131,B,121,0.0,27.0,S
9,488,A,893,19.9,27.0,S
9,376,9,396,0.0,27.0,S
5,757,5,719,0.0,27.0,S
3,634,3,639,0.0,27.0,S
D,2,A,28,0.0,27.0,S
5,257,5,304,18.5,27.0,S
B,500,C,9,0.0,27.0,S
9,59,9,94,46.7,27.0,V
7,231,7,223,12.6,27.0,S
7,205,7,69,19.4,27.0,S
A,428,A,415,0.0,27.0,S
7,69,7,129,8.6,27.0,S
D,34,B,255,0.0,27.0,S
7,59,7,69,15.6,27.0,S
C,56,C,48,0.0,27.0,S
2,831,F,260,0.0,27.0,S
2,582,3,205,66.1,27.0,V
9,396,9,446,34.5,27.0,V
8,466,8,472,12.6,27.0,S
7,678,7,735,24.3,27.0,S
D,472,D,402,13.7,27.0,S
9,46,9,376,0.0,27.0,S
9,46,9,384,0.0,27.0,S
6,408,6,416,12.5,27.0,S
5,99,5,32,11.3,27.0,S
F,279,F,275,0.0,27.0,S
6,110,4,96,0.0,27.0,S
7,750,7,742,12.4,27.0,S
3,178,5,249,10.4,27.0,S
8,46,8,10,0.0,27.0,S
5,631,5,757,0.0,27.0,S
B,73,B,44,0.0,27.0,S
9,509,7,735,8.9,27.0,S
A,197,A,49,0.0,27.0,S
9,139,9,376,0.0,27.0,S
B,110,B,73,0.0,27.0,S
8,450,8,593,0.0,27.0,S
3,560,3,624,0.0,27.0,S
3,784,7,678,44.8,27.0,V
7,59,7,69,15.6,27.0,S
2,379,5,304,9.7,27.0,S
E,447,B,434,14.8,27.0,S
9,59,9,46,0.0,27.0,S
4,874,4,915,15.4,27.0,S
B,102,4,894,0.0,27.0,S
2,751,8,440,36.1,27.0,V
A,719,A,727,0.0,27.0,S
6,416,4,141,0.0,27.0,S
9,139,A,28,0.0,27.0,S
B,135,B,126,0.0,27.0,S
2,441,3,649,0.0,27.0,S
B,83,B,107,0.0,27.0,S
9,46,9,384,0.0,27.0,S
D,2,A,162,0.0,27.0,S
B,434,C,134,13.1,27.0,S
4,844,A,902,14.5,27.0,S
9,46,9,59,0.0,27.0,S
7,733,7,743,18.3,27.0,S
4,854,4,860,11.6,27.0,S
5,431,F,149,0.0,27.0,S
8,312,8,555,82.6,27.0,V
3,149,7,218,0.0,27.0,S
9,375,9,396,0.0,27.0,S
D,193,A,531,0.0,27.0,S
D,2,A,49,0.0,27.0,S
F,89,F,92,0.0,27.0,S
9,29,9,396,0.0,27.0,S
D,311,D,2,0.0,27.0,S
A,49,A,197,0.0,27.0,S
F,149,F,31,0.0,27.0,S
3,727,3,764,0.0,27.0,S
8,63,F,206,0.0,27.0,S
9,115,9,112,8.7,27.0,S
6,396,6,756,18.4,27.0,S
8,292,F,260,0.0,27.0,S
7,743,7,678,33.1,27.0,V
D,2,4,915,0.0,27.0,S
A,695,A,708,13.7,27.0,S
B,611,B,500,0.0,27.0,S
9,139,9,409,0.0,27.0,S
8,467,8,467,0.0,27.0,S
E,286,D,2,0.0,27.0,S
3,560,3,634,0.0,27.0,S
9,32,9,94,0.0,27.0,S
B,26,B,83,0.0,27.0,S
A,724,A,719,0.0,27.0,S
9,114,9,59,31.6,27.0,V
E,369,D,472,0.0,27.0,S
4,841,4,779,18.1,27.0,S
2,582,5,506,23.0,27.0,S
7,59,7,69,15.6,27.0,S
4,711,4,854,24.4,27.0,S
8,423,8,417,0.0,27.0,S
A,322,A,313,0.0,27.0,S
3,759,3,764,0.0,27.0,S
3,333,3,285,17.9,27.0,S
9,115,9,112,8.7,27.0,S
E,439,E,447,12.2,27.0,S
9,64,9,376,0.0,27.0,S
2,633,2,582,10.3,27.0,S
6,901,6,963,8.7,27.0,S
9,509,9,392,28.9,27.0,V
F,152,F,137,0.0,27.0,S
8,445,8,450,0.0,27.0,S
7,59,7,69,15.6,27.0,S
C,565,C,9,0.0,27.0,S
4,711,A,902,22.3,27.0,S
B,110,B,137,0.0,27.0,S
8,446,8,450,0.0,27.0,S
7,678,7,724,10.6,27.0,S
9,139,9,375,0.0,27.0,S
9,509,9,409,14.0,27.0,S
C,8,C,565,0.0,27.0,S
4,874,4,878,9.5,27.0,S
F,257,F,244,0.0,27.0,S
8,387,8,440,27.4,27.0,V
7,475,7,486,22.2,27.0,S
5,750,5,757,0.0,27.0,S
D,2,D,33,0.0,27.0,S
5,442,5,427,17.4,27.0,S
9,94,C,9,0.0,27.0,S
6,183,6,110,12.4,27.0,S
2,633,2,582,10.3,27.0,S
C,352,C,48,0.0,27.0,S
B,69,B,83,0.0,27.0,S
F,89,F,50,0.0,27.0,S
9,2,9,29,0.0,27.0,S
2,212,F,149,0.0,27.0,S
7,130,7,69,9.9,27.0,S
A,672,A,668,0.0,27.0,S
8,473,8,466,12.7,27.0,S
5,719,5,757,0.0,27.0,S
B,110,B,131,0.0,27.0,S
D,359,D,2,0.0,27.0,S
C,98,C,119,24.1,27.0,S
F,207,F,260,0.0,27.0,S
9,59,9,29,0.0,27.0,S
F,137,F,260,0.0,27.0,S
A,679,A,668,0.0,27.0,S
8,475,8,450,0.0,27.0,S
4,459,4,457,6.3,27.0,S
4,711,7,672,11.0,27.0,S
9,509,A,695,24.7,27.0,S
9,32,9,10,0.0,27.0,S
6,564,2,558,10.6,27.0,S
5,99,5,32,11.3,27.0,S
9,509,7,678,27.1,27.0,V
B,226,F,279,0.0,27.0,S
B,500,B,258,0.0,27.0,S
9,139,9,384,0.0,27.0,S
9,64,9,333,13.6,27.0,S
4,854,4,834,19.8,27.0,S
9,409,9,29,0.0,27.0,S
9,139,9,64,0.0,27.0,S
B,83,B,126,0.0,27.0,S
9,125,9,114,16.4,27.0,S
2,632,2,638,8.1,27.0,S
F,251,F,260,0.0,27.0,S
5,750,5,631,0.0,27.0,S
3,727,3,784,34.2,27.0,V
B,142,B,135,0.0,27.0,S
E,369,D,417,0.0,27.0,S
A,49,A,36,0.0,27.0,S
6,390,6,564,21.0,27.0,S
D,402,D,472,13.7,27.0,S
B,226,F,279,0.0,27.0,S
F,207,F,201,0.0,27.0,S
4,854,4,538,34.0,27.0,V
3,790,3,784,9.8,27.0,S
A,183,A,216,0.0,27.0,S
3,287,3,82,0.0,27.0,S
4,732,4,583,19.6,27.0,S
9,64,9,59,8.4,27.0,S
3,784,5,631,61.2,27.0,V
7,743,7,757,18.5,27.0,S
9,125,9,114,16.4,27.0,S
B,44,B,83,0.0,27.0,S
A,162,A,157,0.0,27.0,S
9,59,9,375,0.0,27.0,S
F,137,F,149,0.0,27.0,S
B,67,B,83,0.0,27.0,S
B,258,5,719,0.0,27.0,S
7,231,7,223,12.6,27.0,S
9,59,9,59,0.0,27.0,S
5,757,5,719,0.0,27.0,S
7,306,7,135,17.5,27.0,S
9,509,A,695,24.7,27.0,S
3,496,3,504,7.3,27.0,S
6,428,4,458,0.0,27.0,S
9,125,9,101,11.9,27.0,S
9,509,9,94,71.7,27.0,V
9,114,9,59,31.6,27.0,V
7,205,7,69,19.4,27.0,S
7,678,7,571,19.2,27.0,S
F,149,F,92,0.0,27.0,S
9,32,9,59,0.0,27.0,S
B,110,B,107,0.0,27.0,S
9,139,A,380,0.0,27.0,S
6,767,8,467,13.3,27.0,S
6,517,8,450,0.0,27.0,S
9,64,9,509,47.9,27.0,V
B,611,B,511,10.7,27.0,S
3,692,3,694,6.2,27.0,S
A,380,A,371,0.0,27.0,S
6,102,6,183,0.0,27.0,S
6,428,4,141,0.0,27.0,S
5,257,5,304,18.5,27.0,S
9,384,9,396,0.0,27.0,S
A,428,A,411,0.0,27.0,S
F,260,F,206,0.0,27.0,S
A,708,A,695,13.7,27.0,S
8,395,8,397,5.5,27.0,S
A,436,A,494,27.0,27.0,S
9,509,7,733,12.5,27.0,S
4,458,7,252,7.4,27.0,S
3,205,3,240,9.0,27.0,S
4,458,4,394,17.6,27.0,S
2,839,2,850,18.6,27.0,S
3,149,7,218,0.0,27.0,S
9,59,9,446,57.8,27.0,V
8,354,8,387,29.8,27.0,V
D,311,D,2,0.0,27.0,S
B,26,B,73,0.0,27.0,S
4,583,7,449,12.2,27.0,S
D,43,D,18,0.0,27.0,S
9,349,9,384,0.0,27.0,S
F,247,F,260,0.0,27.0,S
A,197,A,49,0.0,27.0,S
4,834,4,711,15.6,27.0,S
9,29,D,2,0.0,27.0,S
B,110,B,121,0.0,27.0,S
9,125,9,94,10.6,27.0,S
9,46,9,139,0.0,27.0,S
8,467,8,450,0.0,27.0,S
6,183,6,255,0.0,27.0,S
7,442,7,449,6.3,27.0,S
5,621,5,631,15.2,27.0,S
9,32,9,349,0.0,27.0,S
4,711,A,902,22.3,27.0,S
B,26,B,58,0.0,27.0,S
5,757,5,719,0.0,27.0,S
A,28,A,36,0.0,27.0,S
B,258,5,631,0.0,27.0,S
B,26,B,58,0.0,27.0,S
4,454,4,612,28.4,27.0,V
3,82,7,475,0.0,27.0,S
7,678,7,735,24.3,27.0,S
B,546,B,500,0.0,27.0,S
F,149,F,137,0.0,27.0,S
9,94,9,105,16.6,27.0,S
F,137,F,31,0.0,27.0,S
3,634,3,639,0.0,27.0,S
4,854,4,834,19.8,27.0,S
B,83,B,26,0.0,27.0,S
7,733,7,678,18.9,27.0,S
6,428,4,458,0.0,27.0,S
9,349,9,375,0.0,27.0,S
F,201,F,179,0.0,27.0,S
D,33,D,43,0.0,27.0,S
B,41,B,44,0.0,27.0,S
8,473,8,450,0.0,27.0,S
6,428,4,454,0.0,27.0,S
B,97,B,107,0.0,27.0,S
4,458,4,394,17.6,27.0,S
9,29,B,258,0.0,27.0,S
B,500,C,9,0.0,27.0,S
7,486,7,471,18.1,27.0,S
4,732,4,583,19.6,27.0,S
8,467,8,475,14.0,27.0,S
C,134,C,119,18.7,27.0,S
9,64,9,446,56.4,27.0,V
4,711,4,854,24.4,27.0,S
A,415,A,409,0.0,27.0,S
4,457,4,459,6.3,27.0,S
E,369,2,850,0.0,27.0,S
4,779,4,834,13.0,27.0,S
8,475,8,446,60.6,27.0,V
7,483,7,488,7.0,27.0,S
6,306,6,183,15.5,27.0,S
A,436,A,428,0.0,27.0,S
4,612,4,454,28.4,27.0,V
D,359,D,43,0.0,27.0,S
C,43,C,34,0.0,27.0,S
9,139,9,323,0.0,27.0,S
D,2,D,349,0.0,27.0,S
9,139,9,132,0.0,27.0,S
7,319,7,475,11.7,27.0,S
7,69,7,129,8.6,27.0,S
E,369,2,850,0.0,27.0,S
B,83,B,93,0.0,27.0,S
5,750,5,644,0.0,27.0,S
3,784,5,631,61.2,27.0,V
9,31,9,31,0.0,27.0,S
9,503,9,509,5.8,27.0,S
3,784,7,678,44.8,27.0,V
A,559,A,531,11.2,27.0,S
E,286,D,2,0.0,27.0,S
C,192,C,163,0.0,27.0,S
F,31,F,21,0.0,27.0,S
9,46,9,32,0.0,27.0,S
B,83,B,131,0.0,27.0,S
3,333,3,658,12.9,27.0,S
8,418,8,446,0.0,27.0,S
8,446,8,440,18.0,27.0,S
8,475,8,467,14.0,27.0,S
A,216,A,183,0.0,27.0,S
A,380,A,371,0.0,27.0,S
A,380,A,371,0.0,27.0,S
A,441,A,641,10.9,27.0,S
B,69,B,61,0.0,27.0,S
2,582,2,633,10.3,27.0,S
F,275,F,279,0.0,27.0,S
9,215,9,139,0.0,27.0,S
9,139,A,380,0.0,27.0,S
6,416,4,141,0.0,27.0,S
5,304,5,312,0.0,27.0,S
9,509,7,735,8.9,27.0,S
B,258,5,631,0.0,27.0,S
3,784,7,678,44.8,27.0,V
7,59,7,69,15.6,27.0,S
E,439,C,134,10.3,27.0,S
9,32,9,46,0.0,27.0,S
B,69,B,83,0.0,27.0,S
8,24,8,175,0.0,27.0,S
7,189,7,617,0.0,27.0,S
9,94,9,125,10.6,27.0,S
A,719,A,695,23.7,27.0,S
9,376,9,375,0.0,27.0,S
B,94,B,83,0.0,27.0,S
4,779,4,834,13.0,27.0,S
6,183,6,306,15.5,27.0,S
A,183,A,216,0.0,27.0,S
C,565,C,9,0.0,27.0,S
9,509,7,733,12.5,27.0,S
9,46,9,333,0.0,27.0,S
B,97,B,83,0.0,27.0,S
7,59,7,69,15.6,27.0,S
9,426,9,446,14.9,27.0,S
4,711,A,902,22.3,27.0,S
2,14,2,477,0.0,27.0,S
B,94,B,126,0.0,27.0,S
3,352,3,639,0.0,27.0,S
7,678,7,724,10.6,27.0,S
9,384,9,51,0.0,27.0,S
D,2,A,724,0.0,27.0,S
6,183,6,306,15.5,27.0,S
B,26,B,43,0.0,27.0,S
D,43,D,34,0.0,27.0,S
6,416,6,428,0.0,27.0,S
3,178,5,249,10.4,27.0,S
B,142,B,135,0.0,27.0,S
A,216,A,183,0.0,27.0,S
3,791,3,784,10.2,27.0,S
9,29,B,258,0.0,27.0,S
9,139,9,101,0.0,27.0,S
3,158,3,285,15.3,27.0,S
A,428,A,302,0.0,27.0,S
2,379,5,304,9.7,27.0,S
F,152,F,149,0.0,27.0,S
B,73,B,83,0.0,27.0,S
9,94,9,59,46.7,27.0,V
A,162,A,157,0.0,27.0,S
7,442,7,449,6.3,27.0,S
8,439,8,450,0.0,27.0,S
5,631,5,750,0.0,27.0,S
2,212,F,149,0.0,27.0,S
7,69,7,135,17.8,27.0,S
7,749,7,757,10.6,27.0,S
7,678,7,733,18.9,27.0,S
7,387,7,223,0.0,27.0,S
A,441,A,428,0.0,27.0,S
E,447,B,434,14.8,27.0,S
B,44,B,135,0.0,27.0,S
B,199,B,209,0.0,27.0,S
9,32,9,139,0.0,27.0,S
A,633,A,695,9.7,27.0,S
3,694,3,764,0.0,27.0,S
6,416,4,141,0.0,27.0,S
8,354,8,450,0.0,27.0,S
F,137,F,50,0.0,27.0,S
A,183,A,216,0.0,27.0,S
A,436,A,425,0.0,27.0,S
B,226,B,223,0.0,27.0,S
9,509,9,376,0.0,27.0,S
6,510,6,521,16.0,27.0,S
A,409,A,347,0.0,27.0,S
B,131,B,121,0.0,27.0,S
3,784,3,764,0.0,27.0,S
7,29,7,69,18.8,27.0,S
9,349,9,446,49.7,27.0,V
4,854,4,860,11.6,27.0,S
7,767,7,750,13.1,27.0,S
2,269,2,379,23.9,27.0,S
B,94,B,93,0.0,27.0,S
3,759,3,723,0.0,27.0,S
F,152,F,149,0.0,27.0,S
2,633,2,582,10.3,27.0,S
A,322,A,313,0.0,27.0,S
9,46,9,125,0.0,27.0,S
B,142,B,135,0.0,27.0,S
8,429,8,450,0.0,27.0,S
6,517,8,450,0.0,27.0,S
D,163,D,193,0.0,27.0,S
B,19,B,58,0.0,27.0,S
6,517,6,526,14.2,27.0,S
9,509,9,446,11.8,27.0,S
C,134,C,163,0.0,27.0,S
B,83,B,137,0.0,27.0,S
6,390,6,756,22.9,27.0,S
4,878,4,874,9.5,27.0,S
4,779,4,844,22.1,27.0,S
6,767,8,467,13.3,27.0,S
7,205,7,69,19.4,27.0,S
4,529,4,583,13.8,27.0,S
9,250,9,94,17.1,27.0,S
E,439,C,134,10.3,27.0,S
3,82,3,79,0.0,27.0,S
A,16,A,274,0.0,27.0,S
8,203,8,161,0.0,27.0,S
9,59,9,384,0.0,27.0,S
9,94,C,9,0.0,27.0,S
9,46,9,64,0.0,27.0,S
3,727,3,759,0.0,27.0,S
E,436,E,443,13.0,27.0,S
D,2,A,724,0.0,27.0,S
3,759,3,719,0.0,27.0,S
3,694,7,678,27.3,27.0,V
B,226,F,301,0.0,27.0,S
C,43,C,34,0.0,27.0,S
4,583,7,449,12.2,27.0,S
B,113,B,174,0.0,27.0,S
7,767,7,750,13.1,27.0,S
3,624,3,658,0.0,27.0,S
6,517,8,450,0.0,27.0,S
7,637,7,223,20.0,27.0,S
F,257,F,247,0.0,27.0,S
A,776,A,719,14.7,27.0,S
8,292,F,247,0.0,27.0,S
9,114,9,125,16.4,27.0,S
9,32,9,29,0.0,27.0,S
F,206,F,179,0.0,27.0,S
5,99,5,249,20.5,27.0,S
9,46,9,384,0.0,27.0,S
D,2,4,915,0.0,27.0,S
9,59,9,32,0.0,27.0,S
8,292,F,251,0.0,27.0,S
2,379,2,269,23.9,27.0,S
3,205,3,240,9.0,27.0,S
6,899,6,963,0.0,27.0,S
3,240,3,205,9.0,27.0,S
7,129,7,69,8.6,27.0,S
5,757,5,719,0.0,27.0,S
8,473,8,450,0.0,27.0,S
C,34,C,48,0.0,27.0,S
9,59,9,94,46.7,27.0,V
8,417,8,423,0.0,27.0,S
3,438,3,313,0.0,27.0,S
B,135,B,126,0.0,27.0,S
9,114,9,59,31.6,27.0,V
B,51,B,67,0.0,27.0,S
7,743,7,750,10.6,27.0,S
4,888,4,901,14.3,27.0,S
7,69,7,130,9.9,27.0,S
2,530,5,431,26.8,27.0,S
A,221,A,215,0.0,27.0,S
8,446,8,397,31.5,27.0,V
9,139,9,446,0.0,27.0,S
6,183,6,102,0.0,27.0,S
4,722,4,732,18.5,27.0,S
F,89,F,92,0.0,27.0,S
8,326,8,451,0.0,27.0,S
6,416,4,141,0.0,27.0,S
B,97,B,93,0.0,27.0,S
A,708,A,695,13.7,27.0,S
D,311,D,41,0.0,27.0,S
5,385,5,427,14.6,27.0,S
A,641,A,425,0.0,27.0,S
2,773,2,601,14.4,27.0,S
9,64,9,349,16.8,27.0,S
4,529,4,583,13.8,27.0,S
D,33,D,45,0.0,27.0,S
3,723,3,681,12.9,27.0,S
C,149,C,134,16.0,27.0,S
A,193,A,49,0.0,27.0,S
5,624,5,631,10.3,27.0,S
4,737,4,508,21.2,27.0,S
9,446,A,695,25.9,27.0,S
D,43,D,2,0.0,27.0,S
9,214,C,9,0.0,27.0,S
9,509,7,733,12.5,27.0,S
E,369,D,417,0.0,27.0,S
4,844,4,834,11.0,27.0,S
A,377,A,380,0.0,27.0,S
4,852,4,711,23.6,27.0,S
3,149,7,223,0.0,27.0,S
B,26,B,83,0.0,27.0,S
3,158,3,285,15.3,27.0,S
C,508,C,503,10.0,27.0,S
7,205,7,69,19.4,27.0,S
A,409,A,428,0.0,27.0,S
7,733,7,678,18.9,27.0,S
A,847,A,840,10.0,27.0,S
F,201,F,179,0.0,27.0,S
5,257,5,304,18.5,27.0,S
A,641,A,425,0.0,27.0,S
B,258,5,719,0.0,27.0,S
B,199,B,206,0.0,27.0,S
9,139,9,396,0.0,27.0,S
9,32,9,29,0.0,27.0,S
3,624,3,649,0.0,27.0,S
A,654,A,910,0.0,27.0,S
9,114,9,94,20.2,27.0,S
9,384,9,375,0.0,27.0,S
9,112,9,405,32.5,27.0,V
5,750,5,644,0.0,27.0,S
8,397,8,354,25.2,27.0,S
3,287,3,333,16.2,27.0,S
3,205,3,240,9.0,27.0,S
8,387,8,450,0.0,27.0,S
5,257,5,304,18.5,27.0,S
D,369,D,18,0.0,27.0,S
5,433,5,427,10.1,27.0,S
3,681,3,764,0.0,27.0,S
8,467,8,440,60.6,27.0,V
8,475,8,472,6.4,27.0,S
8,579,8,552,16.4,27.0,S
4,874,4,915,15.4,27.0,S
A,15,A,42,0.0,27.0,S
A,193,A,157,0.0,27.0,S
9,46,9,376,0.0,27.0,S
8,467,8,475,14.0,27.0,S
5,431,5,377,14.7,27.0,S
7,170,7,820,0.0,27.0,S
9,376,9,442,0.0,27.0,S
7,387,7,475,0.0,27.0,S
7,743,7,733,18.3,27.0,S
A,209,A,183,0.0,27.0,S
3,149,7,223,0.0,27.0,S
B,121,B,137,0.0,27.0,S
7,757,7,767,17.5,27.0,S
D,2,D,41,0.0,27.0,S
D,43,D,349,0.0,27.0,S
9,94,9,64,39.5,27.0,V
B,126,B,135,0.0,27.0,S
6,963,6,901,8.7,27.0,S
9,509,9,46,0.0,27.0,S
C,8,C,559,0.0,27.0,S
8,292,F,251,0.0,27.0,S
5,503,5,510,10.3,27.0,S
9,214,C,9,0.0,27.0,S
A,183,A,216,0.0,27.0,S
A,719,A,727,0.0,27.0,S
B,107,B,131,0.0,27.0,S
B,43,B,58,0.0,27.0,S
4,711,4,854,24.4,27.0,S
B,258,B,592,0.0,27.0,S
A,49,A,42,0.0,27.0,S
F,31,F,72,0.0,27.0,S
9,1,9,482,0.0,27.0,S
9,29,9,376,0.0,27.0,S
9,446,7,735,12.4,27.0,S
4,908,4,882,15.0,27.0,S
D,124,D,156,0.0,27.0,S
4,655,4,663,5.5,27.0,S
A,162,A,157,0.0,27.0,S
E,84,D,33,0.0,27.0,S
D,2,A,724,0.0,27.0,S
7,59,7,69,15.6,27.0,S
7,750,7,735,20.8,27.0,S
9,94,C,9,0.0,27.0,S
A,425,A,436,0.0,27.0,S
B,83,B,135,0.0,27.0,S
9,64,9,94,39.5,27.0,V
4,779,4,834,13.0,27.0,S
C,119,C,197,21.8,27.0,S
A,347,A,339,0.0,27.0,S
3,343,3,352,13.6,27.0,S
A,229,A,216,0.0,27.0,S
2,638,2,632,8.1,27.0,S
5,750,5,645,0.0,27.0,S
9,384,9,375,0.0,27.0,S
D,311,D,43,0.0,27.0,S
5,750,5,631,0.0,27.0,S
A,183,A,216,0.0,27.0,S
7,733,7,743,18.3,27.0,S
6,722,6,767,42.7,27.0,V
8,429,8,440,0.0,27.0,S
B,199,B,205,0.0,27.0,S
3,727,3,784,34.2,27.0,V
6,191,6,134,15.9,27.0,S
4,789,4,844,22.1,27.0,S
3,287,3,82,0.0,27.0,S
9,125,9,376,0.0,27.0,S
F,137,F,92,0.0,27.0,S
B,110,B,126,0.0,27.0,S
B,209,B,223,0.0,27.0,S
B,103,B,126,0.0,27.0,S
B,103,B,83,0.0,27.0,S
3,694,3,758,0.0,27.0,S
8,450,8,599,0.0,27.0,S
7,130,7,69,9.9,27.0,S
6,134,6,191,15.9,27.0,S
B,83,B,135,0.0,27.0,S
4,252,4,202,11.8,27.0,S
F,46,F,357,0.0,27.0,S
A,42,A,49,0.0,27.0,S
9,29,9,349,0.0,27.0,S
B,70,B,67,0.0,27.0,S
3,727,3,639,0.0,27.0,S
D,183,D,193,0.0,27.0,S
4,834,4,854,19.8,27.0,S
8,292,F,251,0.0,27.0,S
8,446,8,439,21.1,27.0,S
C,197,C,119,21.8,27.0,S
E,439,E,447,12.2,27.0,S
9,509,9,215,81.2,27.0,V
5,431,5,427,6.4,27.0,S
A,633,A,695,9.7,27.0,S
A,434,A,425,0.0,27.0,S
B,258,B,614,0.0,27.0,S
6,767,8,467,13.3,27.0,S
8,440,8,432,0.0,27.0,S
F,275,F,279,0.0,27.0,S
7,59,7,69,15.6,27.0,S
3,178,5,249,10.4,27.0,S
A,756,A,49,0.0,27.0,S
7,231,7,223,12.6,27.0,S
8,446,8,467,47.3,27.0,V
7,252,7,314,16.2,27.0,S
9,114,9,94,20.2,27.0,S
3,149,3,135,0.0,27.0,S
B,126,B,131,0.0,27.0,S
A,840,A,847,10.0,27.0,S
3,649,3,624,0.0,27.0,S
B,73,B,83,0.0,27.0,S
E,447,B,500,0.0,27.0,S
3,784,3,764,0.0,27.0,S
9,32,9,59,0.0,27.0,S
5,257,5,304,18.5,27.0,S
8,552,8,579,16.4,27.0,S
7,750,7,742,12.4,27.0,S
8,475,8,467,14.0,27.0,S
A,162,A,157,0.0,27.0,S
9,29,9,396,0.0,27.0,S
A,49,A,36,0.0,27.0,S
B,191,B,209,0.0,27.0,S
D,472,D,402,13.7,27.0,S
5,32,5,99,11.3,27.0,S
7,69,7,129,8.6,27.0,S
8,467,8,475,14.0,27.0,S
9,64,9,94,39.5,27.0,V
B,258,B,511,0.0,27.0,S
6,204,8,387,0.0,27.0,S
5,631,5,621,15.2,27.0,S
8,387,8,450,0.0,27.0,S
4,854,4,860,11.6,27.0,S
9,509,7,735,8.9,27.0,S
B,97,B,93,0.0,27.0,S
D,183,D,160,0.0,27.0,S
D,183,D,160,0.0,27.0,S
7,750,7,743,10.6,27.0,S
2,582,5,506,23.0,27.0,S
7,130,7,69,9.9,27.0,S
6,134,8,450,0.0,27.0,S
4,915,4,854,23.0,27.0,S
9,509,9,59,48.3,27.0,V
4,711,4,860,32.4,27.0,V
9,125,9,94,10.6,27.0,S
4,711,4,834,15.6,27.0,S
B,258,C,603,0.0,27.0,S
9,94,C,9,0.0,27.0,S
5,433,5,427,10.1,27.0,S
2,582,5,506,23.0,27.0,S
A,441,A,641,10.9,27.0,S
7,130,7,69,9.9,27.0,S
4,583,4,732,19.6,27.0,S
9,214,C,9,0.0,27.0,S
9,215,9,509,81.2,27.0,V
3,135,3,149,0.0,27.0,S
B,110,B,126,0.0,27.0,S
7,129,7,69,8.6,27.0,S
2,530,5,431,26.8,27.0,S
9,46,9,376,0.0,27.0,S
6,767,8,467,13.3,27.0,S
7,231,7,223,12.6,27.0,S
7,29,7,69,18.8,27.0,S
8,475,8,467,14.0,27.0,S
7,743,7,733,18.3,27.0,S
E,439,C,134,10.3,27.0,S
4,711,4,834,15.6,27.0,S
B,131,B,126,0.0,27.0,S
9,94,C,9,0.0,27.0,S
7,767,7,750,13.1,27.0,S
A,633,A,695,9.7,27.0,S
4,594,7,678,34.4,27.0,V
7,678,7,735,24.3,27.0,S
6,767,8,467,13.3,27.0,S
9,94,9,509,71.7,27.0,V
B,511,B,258,0.0,27.0,S
9,59,9,64,8.4,27.0,S
7,617,7,189,0.0,27.0,S
B,202,B,191,0.0,27.0,S
9,94,9,509,71.7,27.0,V
4,915,4,854,23.0,27.0,S
B,110,B,97,0.0,27.0,S
9,29,9,32,0.0,27.0,S
7,757,7,767,17.5,27.0,S
A,157,A,162,0.0,27.0,S
D,43,D,349,0.0,27.0,S
9,214,C,9,0.0,27.0,S
